Address,,,,
"OBREGON  99, 84000",,,,
"CALLE 3A  279, 22800",,,,
"AV CONSTITUCION 404, 22660",,,,
"MORELOS ESQ MADERO, 21330",,,,
"AV CENTRAL Y 1 PONIENTE, 30200",,,,
"CALLE GUERRERO, 85000",,,,
"AV MENDOZA 1125, 88000",,,,
"AV OBREGON 301, 84160",,,,
"CUARTA S/N, CENTRO",,,,
"ZARAGOZA Y CORREJIDORA, NO",,,,
"ESQUERRO 110, 23000",,,,
"LEANDRO VALLE Y AV JUAREZ, 42800",,,,
"CALLE CARDENAS Y LIBERTAD, 21400",,,,
"NICOLAS BRAVO   10, 45300",,,,
"INDEPENDENCIA 24, 50600",,,,
"PLAZA MORELOS PTE Y PABLO GONZALES, 52400",,,,
"IGNACIO RAMIREZ Y 16 DE SEPTIEMBRE, 81000",,,,
"CUAUHTEMOC 4, CENTRO",,,,
"PORTAL GALEANA 4, 61650",,,,
"INDEPENDENCIA 12, 60250",,,,
"AV VENUSTIANO CARRANZA 2240, 78230",,,,
"INDEPENDENCIA Y NICOLAS BRAVO, 48800",,,,
"LOPEZ MATEOS 34, 48980",,,,
"AV JUAREZ 2, 47730",,,,
"FELIPE HERRERA 1, 76900",,,,
"PZA JUAREZ 10, 51700",,,,
"ALVARADO 110, 73560",,,,
"CORREGIDORA ORIENTE 4, 91660",,,,
"AV LUIS PEREZ FIGUEROA 27, CENTRO",,,,
"AV JUAREZ 3, 29950",,,,
"CALLE CENTRAL 22, 29730",,,,
"0, AGUASCALIENTES AGS",,,,
"JESUS MONTA@O 40, CERANO",,,,
"JARDIN HIDALGO Y JUAREZ, 38790",,,,
"CONSTITUCION 2, CENTRO",,,,
"HIDALGO 1 L-B, 50900",,,,
"AV LAZARO CARDENAS 38, LAS CRUCES",,,,
"PROLONG CORREGIDORA Y LIB L-1 Y 15, 76220",,,,
"PORTAL AYUNTAMIENTO 4, 50850",,,,
"NINOS HEROES 10, 76750",,,,
"AV CENTRAL PTE Y 2DA SUR, 30660",,,,
"CALLE HIDALGO 5, 85600",,,,
"16 DE SEPTIEMBRE S/N EJIDO BENITO JU, 30360",,,,
"AV PRINCIPAL Y AV CHAHUITES, 70190",,,,
"MORELOS 1, 68600",,,,
"BELISARIO DOMINGUEZ 3187, 29020",,,,
"AV ACUEDUCTO 6050 L 15, LOMAS DEL BOSQUE",,,,
"AV PARALELA Y GOMEZ Y GOMEZ, 31968",,,,
"AV HIDALGO S/N Y 5 DE MAYO, 33940",,,,
"OOO, 0",,,,
"V GUERRERO Y AV REVOLUCION, 92040",,,,
"CARR NAL Y URUAPAN, 60990",,,,
"PLAZA PRINCIPAL, 59920",,,,
,,,,
,,,,
,,,,
,,,,
,,,,
,,,,
,,,,
,,,,
,,,,
,,,,
,,,,
,,,,
,,,,
,,,,
,,,,
,,,,
,,,,
,,,,
,,,,
,,,,
,,,,
,,,,
,,,,
,,,,
,,,,
,,,,
,,,,
,,,,
,,,,
,,,,
,,,,
,,,,
,,,,
,,,,
,,,,
,,,,
,,,,
,,,,
,,,,
,,,,
,,,,
,,,,
,,,,
,,,,
,,,,
,,,,
,,,,
,,,,
,,,,
,,,,
,,,,
,,,,
,,,,
,,,,
,,,,
,,,,
,,,,
,,,,
,,,,
,,,,
,,,,
,,,,
,,,,
,,,,
,,,,
,,,,
,,,,
,,,,
,,,,
,,,,
,,,,
,,,,
,,,,
,,,,
,,,,
,,,,
,,,,
,,,,
,,,,
,,,,
,,,,
,,,,
,,,,
,,,,
,,,,
,,,,
,,,,
,,,,
,,,,
,,,,
,,,,
,,,,
,,,,
,,,,
,,,,
,,,,
,,,,
,,,,
,,,,
,,,,
,,,,
,,,,
,,,,
,,,,
,,,,
,,,,
,,,,
,,,,
,,,,
,,,,
,,,,
,,,,
,,,,
,,,,
,,,,
,,,,
,,,,
,,,,
,,,,
,,,,
,,,,
,,,,
,,,,
,,,,
,,,,
,,,,
,,,,
,,,,
,,,,
,,,,
,,,,
,,,,
,,,,
,,,,
,,,,
,,,,
,,,,
,,,,
,,,,
,,,,
,,,,
,,,,
,,,,
,,,,
,,,,
,,,,
,,,,
,,,,
,,,,
,,,,
,,,,
,,,,
,,,,
,,,,
,,,,
,,,,
,,,,
,,,,
,,,,
,,,,
,,,,
,,,,
,,,,
,,,,
,,,,
,,,,
,,,,
,,,,
,,,,
,,,,
,,,,
,,,,
,,,,
,,,,
,,,,
,,,,
,,,,
,,,,
,,,,
,,,,
,,,,
,,,,
,,,,
,,,,
,,,,
,,,,
,,,,
,,,,
,,,,
,,,,
,,,,
,,,,
,,,,
,,,,
,,,,
,,,,
,,,,
,,,,
,,,,
,,,,
,,,,
,,,,
,,,,
,,,,
,,,,
,,,,
,,,,
,,,,
,,,,
,,,,
,,,,
,,,,
,,,,
,,,,
,,,,
,,,,
,,,,
,,,,
,,,,
,,,,
,,,,
,,,,
,,,,
,,,,
,,,,
,,,,
,,,,
,,,,
,,,,
,,,,
,,,,
,,,,
,,,,
,,,,
,,,,
,,,,
,,,,
,,,,
,,,,
,,,,
,,,,
,,,,
,,,,
,,,,
,,,,
